<?xml version="1.0" encoding="UTF-8"?>
<project-private xmlns="http://www.netbeans.org/ns/project-private/1">
    <editor-bookmarks xmlns="http://www.netbeans.org/ns/editor-bookmarks/2" lastBookmarkId="0"/>
    <open-files xmlns="http://www.netbeans.org/ns/projectui-open-files/2">
        <group>
            <file>file:/C:/Users/Kirjsten/Desktop/CodeDay/src/codeday/DreamEditGUI.java</file>
            <file>file:/C:/Users/Kirjsten/Desktop/CodeDay/src/codeday/QuestionGUI.java</file>
            <file>file:/C:/Users/Kirjsten/Desktop/CodeDay/src/codeday/DreamListGUI.java</file>
            <file>file:/C:/Users/Kirjsten/Desktop/CodeDay/src/codeday/DevelopGUI.java</file>
            <file>file:/C:/Users/Kirjsten/Desktop/CodeDay/src/codeday/RegisterGUI.java</file>
            <file>file:/C:/Users/Kirjsten/Desktop/CodeDay/src/codeday/CodeDay.java</file>
            <file>file:/C:/Users/Kirjsten/Desktop/CodeDay/src/codeday/AccountGUI.java</file>
            <file>file:/C:/Users/Kirjsten/Desktop/CodeDay/src/codeday/LoginScreen.java</file>
            <file>file:/C:/Users/Kirjsten/Desktop/CodeDay/src/codeday/WelcomeGUI.java</file>
            <file>file:/C:/Users/Kirjsten/Desktop/CodeDay/src/codeday/DevelopEditGUI.java</file>
            <file>file:/C:/Users/Kirjsten/Desktop/CodeDay/src/codeday/DreamGUI.java</file>
            <file>file:/C:/Users/Kirjsten/Desktop/CodeDay/src/codeday/DevelopListGUI.java</file>
        </group>
    </open-files>
</project-private>
